{
"name": ["Compteur","CompteurF1"],
"description": ["Display various driver inputs",
                "Display various driver inputs, F1 version"
],
"description-de": ["Verschiedene Treibereingaben anzeigen",
                   "Verschiedene Treibereingaben anzeigen, F1-Version"
],
"url": "apps/WidgetLoader?widget=Compteur&",
"doc": "JavaScriptDoc/sra-compteur.html",
"icon": ["widgets/Compteur/icon.png","widgets/Compteur/iconF1.png"],
"width": 480,
"height": 480,
"args": ["SHOWF1COMPTEUR=false",
         "SHOWF1COMPTEUR=true"
]
}